code,name,s33_code,sector
1401,エムビーエス,2050,建設業
1431,Ｌｉｂ　Ｗｏｒｋ,2050,建設業
1436,グリーンエナジー＆カンパニー,2050,建設業
2586,フルッタフルッタ,3050,食料品
2934,ジェイフロンティア,3050,食料品
2936,ベースフード,3050,食料品
2937,サンクゼール,3050,食料品
4978,リプロセル,3200,化学
2160,ジーエヌアイグループ,3250,医薬品
4563,アンジェス,3250,医薬品
4571,ＮＡＮＯホールディングス,3250,医薬品
4575,キャンバス,3250,医薬品
4579,ラクオリア創薬,3250,医薬品
4583,カイオム・バイオサイエンス,3250,医薬品
4584,キッズウェル・バイオ,3250,医薬品
4588,オンコリスバイオファーマ,3250,医薬品
4592,サンバイオ,3250,医薬品
4593,ヘリオス,3250,医薬品
4594,ブライトパス・バイオ,3250,医薬品
4597,ソレイジア・ファーマ,3250,医薬品
4599,ステムリム,3250,医薬品
4888,ステラファーマ,3250,医薬品
4889,レナサイエンス,3250,医薬品
4890,坪田ラボ,3250,医薬品
4894,クオリプス,3250,医薬品
6224,ＪＲＣ,3600,機械
6232,ＡＣＳＬ,3600,機械
6255,エヌ・ピー・シー,3600,機械
6521,オキサイド,3650,電気機器
6613,ＱＤレーザ,3650,電気機器
7318,セレンディップ・ホールディングス,3700,輸送用機器
7409,ＡｅｒｏＥｄｇｅ,3700,輸送用機器
7774,ジャパン・ティッシュエンジニアリング,3750,精密機器
7776,セルシード,3750,精密機器
7777,スリー・ディー・マトリックス,3750,精密機器
7779,ＣＹＢＥＲＤＹＮＥ,3750,精密機器
7792,コラントッテ,3800,その他製品
7803,ブシロード,3800,その他製品
7806,ＭＴＧ,3800,その他製品
9204,スカイマーク,5150,空運業
2321,ソフトフロントホールディングス,5250,情報・通信業
3692,ＦＦＲＩセキュリティ,5250,情報・通信業
3695,ＧＭＯプロダクトプラットフォーム,5250,情報・通信業
3723,日本ファルコム,5250,情報・通信業
3773,アドバンスト・メディア,5250,情報・通信業
3777,環境フレンドリーホールディングス,5250,情報・通信業
3793,ドリコム,5250,情報・通信業
3900,クラウドワークス,5250,情報・通信業
3905,データセクション,5250,情報・通信業
3911,Ａｉｍｉｎｇ,5250,情報・通信業
3914,ＪＩＧ－ＳＡＷ,5250,情報・通信業
3979,うるる,5250,情報・通信業
3989,シェアリングテクノロジー,5250,情報・通信業
3991,ウォンテッドリー,5250,情報・通信業
4011,ヘッドウォータース,5250,情報・通信業
4013,勤次郎,5250,情報・通信業
4015,ペイクラウドホールディングス,5250,情報・通信業
4019,スタメン,5250,情報・通信業
4054,日本情報クリエイト,5250,情報・通信業
4055,ティアンドエスグループ,5250,情報・通信業
4056,ニューラルグループ,5250,情報・通信業
4058,トヨクモ,5250,情報・通信業
4165,プレイド,5250,情報・通信業
4168,ヤプリ,5250,情報・通信業
4169,ＥＮＥＣＨＡＮＧＥ,5250,情報・通信業
4175,ｃｏｌｙ,5250,情報・通信業
4176,ココナラ,5250,情報・通信業
4192,スパイダープラス,5250,情報・通信業
4258,網屋,5250,情報・通信業
4259,エクサウィザーズ,5250,情報・通信業
4263,サスメド,5250,情報・通信業
4264,セキュア,5250,情報・通信業
4308,Ｊストリーム,5250,情報・通信業
4371,コアコンセプト・テクノロジー,5250,情報・通信業
4374,ＲＯＢＯＴ　ＰＡＹＭＥＮＴ,5250,情報・通信業
4375,セーフィー,5250,情報・通信業
4376,くふうカンパニーホールディングス,5250,情報・通信業
4377,ワンキャリア,5250,情報・通信業
4389,プロパティデータバンク,5250,情報・通信業
4393,バンク・オブ・イノベーション,5250,情報・通信業
4397,チームスピリット,5250,情報・通信業
4412,サイエンスアーツ,5250,情報・通信業
4414,フレクト,5250,情報・通信業
4417,グローバルセキュリティエキスパート,5250,情報・通信業
4418,ＪＤＳＣ,5250,情報・通信業
4419,Ｆｉｎａｔｅｘｔホールディングス,5250,情報・通信業
4425,Ｋｕｄａｎ,5250,情報・通信業
4431,スマレジ,5250,情報・通信業
4442,バルテス・ホールディングス,5250,情報・通信業
4448,ｋｕｂｅｌｌ,5250,情報・通信業
4475,ＨＥＮＮＧＥ,5250,情報・通信業
4477,ＢＡＳＥ,5250,情報・通信業
4478,フリー,5250,情報・通信業
4479,マクアケ,5250,情報・通信業
4482,ウィルズ,5250,情報・通信業
4488,ＡＩ　ｉｎｓｉｄｅ,5250,情報・通信業
4493,サイバーセキュリティクラウド,5250,情報・通信業
4495,アイキューブドシステムズ,5250,情報・通信業
4498,サイバートラスト,5250,情報・通信業
4772,ＳＭ　ＥＮＴＥＲＴＡＩＮＭＥＮＴ　ＪＡＰＡＮ,5250,情報・通信業
4811,ドリーム・アーツ,5250,情報・通信業
5026,トリプルアイズ,5250,情報・通信業
5027,ＡｎｙＭｉｎｄ　Ｇｒｏｕｐ,5250,情報・通信業
5034,ｕｎｅｒｒｙ,5250,情報・通信業
5038,ｅＷｅＬＬ,5250,情報・通信業
5132,ｐｌｕｓｚｅｒｏ,5250,情報・通信業
5136,ｔｒｉｐｌａ,5250,情報・通信業
5137,スマートドライブ,5250,情報・通信業
5139,オープンワーク,5250,情報・通信業
5243,ｎｏｔｅ,5250,情報・通信業
5244,ｊｉｇ．ｊｐ,5250,情報・通信業
5246,ＥＬＥＭＥＮＴＳ,5250,情報・通信業
5248,テクノロジーズ,5250,情報・通信業
5253,カバー,5250,情報・通信業
5254,Ａｒｅｎｔ,5250,情報・通信業
5255,モンスターラボ,5250,情報・通信業
5258,トランザクション・メディア・ネットワークス,5250,情報・通信業
5570,ジェノバ,5250,情報・通信業
5572,Ｒｉｄｇｅ－ｉ,5250,情報・通信業
5574,ＡＢＥＪＡ,5250,情報・通信業
5578,ＡＲアドバンストテクノロジ,5250,情報・通信業
5582,グリッド,5250,情報・通信業
5586,Ｌａｂｏｒｏ．ＡＩ,5250,情報・通信業
5588,ファーストアカウンティング,5250,情報・通信業
5590,ネットスターズ,5250,情報・通信業
5592,くすりの窓口,5250,情報・通信業
5597,ブルーイノベーション,5250,情報・通信業
5621,ヒューマンテクノロジーズ,5250,情報・通信業
9467,アルファポリス,5250,情報・通信業
3070,ジェリービーンズグループ,6050,卸売業
3140,ＢＲＵＮＯ,6050,卸売業
7685,ＢｕｙＳｅｌｌ　Ｔｅｃｈｎｏｌｏｇｉｅｓ,6050,卸売業
9270,バリュエンスホールディングス,6050,卸売業
3063,ジェイグループホールディングス,6100,小売業
3133,海帆,6100,小売業
3418,バルニバービ,6100,小売業
3542,ベガコーポレーション,6100,小売業
3556,リネットジャパングループ,6100,小売業
3558,ジェイドグループ,6100,小売業
5888,ＤＡＩＷＡ　ＣＹＣＬＥ,6100,小売業
5892,ｙｕｔｏｒｉ,6100,小売業
7110,クラシコム,6100,小売業
7119,ハルメクホールディングス,6100,小売業
7133,ＨＹＵＧＡ　ＰＲＩＭＡＲＹ　ＣＡＲＥ,6100,小売業
5834,ＳＢＩリーシングサービス,7100,証券、商品先物取引業
5842,インテグラル,7100,証券、商品先物取引業
7326,ＳＢＩインシュアランスグループ,7150,保険業
7320,Ｓｏｌｖｖｙ,7200,その他金融業
2981,ランディックス,8050,不動産業
2983,アールプランナー,8050,不動産業
2986,ＬＡホールディングス,8050,不動産業
2998,クリアル,8050,不動産業
3300,アンビション　ＤＸ　ホールディングス,8050,不動産業
3479,ＴＫＰ,8050,不動産業
3491,ＧＡ　ｔｅｃｈｎｏｌｏｇｉｅｓ,8050,不動産業
5532,リアルゲイト,8050,不動産業
2158,ＦＲＯＮＴＥＯ,9050,サービス業
2173,博展,9050,サービス業
2334,イオレ,9050,サービス業
2370,メディネット,9050,サービス業
2497,ユナイテッド,9050,サービス業
6027,弁護士ドットコム,9050,サービス業
6030,アドベンチャー,9050,サービス業
6031,ＺＥＴＡ,9050,サービス業
6039,日本動物高度医療センター,9050,サービス業
6040,日本スキー場開発,9050,サービス業
6045,レントラックス,9050,サービス業
6086,シンメンテホールディングス,9050,サービス業
6094,フリークアウト・ホールディングス,9050,サービス業
6176,ブランジスタ,9050,サービス業
6180,ＧＭＯメディア,9050,サービス業
6554,エスユーエス,9050,サービス業
6557,ＡＩＡＩグループ,9050,サービス業
6561,ＨＡＮＡＴＯＵＲ　ＪＡＰＡＮ,9050,サービス業
6562,ジーニー,9050,サービス業
6574,コンヴァノ,9050,サービス業
6580,ライトアップ,9050,サービス業
7047,ポート,9050,サービス業
7048,ベルトラ,9050,サービス業
7050,フロンティアインターナショナル,9050,サービス業
7061,日本ホスピスホールディングス,9050,サービス業
7068,フィードフォースグループ,9050,サービス業
7094,ＮｅｘＴｏｎｅ,9050,サービス業
7096,ステムセル研究所,9050,サービス業
7097,さくらさくプラス,9050,サービス業
7352,ＴＷＯＳＴＯＮＥ＆Ｓｏｎｓ,9050,サービス業
7373,アイドマ・ホールディングス,9050,サービス業
7374,コンフィデンス・インターワークス,9050,サービス業
7378,アシロ,9050,サービス業
9158,シーユーシー,9050,サービス業
9162,ブリーチ,9050,サービス業
9163,ナレルグループ,9050,サービス業
9166,ＧＥＮＤＡ,9050,サービス業
9168,ライズ・コンサルティング・グループ,9050,サービス業
9211,エフ・コード,9050,サービス業
9227,マイクロ波化学,9050,サービス業
9235,売れるネット広告社グループ,9050,サービス業
9245,リベロ,9050,サービス業
9251,ＡＢ＆Ｃｏｍｐａｎｙ,9050,サービス業
9252,ラストワンマイル,9050,サービス業
9272,ブティックス,9050,サービス業
9337,トリドリ,9050,サービス業
9343,アイビス,9050,サービス業
9348,ｉｓｐａｃｅ,9050,サービス業
9553,マイクロアド,9050,サービス業
9554,ＡＶｉＣ,9050,サービス業
9556,ＩＮＴＬＯＯＰ,9050,サービス業
9558,ジャパニアス,9050,サービス業
9560,プログリット,9050,サービス業
