code,name
604A,ビーエイブル
6590,芝浦メカトロニクス
3692,FFRIセキュリティ
9327,イー・ロジット
1783,FANTASISTA
7725,インターアクション
593A,ティアフォー
6838,多摩川ホールディングス
584A,LINKX
3997,トレードワークス
3350,メタプラネット
4588,オンコリスバイオファーマ
6779,日本電波工業
6479,ミネベアミツミ
556A,犬猫生活
5367,ニッカトー
278A,テラドローン
5256,Fusic
581A,GO
3915,テラスカイ
2345,HODL1
7013,IHI
464A,QPSホールディングス
4418,JDSC
7746,岡本硝子
3907,シリコンスタジオ
6762,TDK
6217,津田駒工業
485A,パワーエックス
5834,SBIリーシングサービス
285A,キオクシアホールディングス
3237,イントランス
4395,アクリート
8783,abc
2334,イオレ
6356,日本ギア工業
8105,BITCOIN JAPAN
6594,ニデック
3853,アステリア
350A,デジタルグリッド
6493,NITTAN
330A,TALENTX
4704,トレンドマイクロ
6613,QDレーザ
6232,ACSL
186A,アストロスケールホールディングス
141A,トライアルホールディングス
4755,楽天グループ
3491,GA technologies
7837,アールシーコア
4631,DIC
2585,ライフドリンクカンパニー
6522,アスタリスク
9399,ビートHLDGSリミテッド
6769,ザインエレクトロニクス
6666,リバーエレテック
6961,エンプラス
9941,太洋物産
429A,テクセンドフォトマスク
3778,さくらインターネット
6592,マブチモーター
6324,ハーモニック・ドライブ・システムズ
6330,東洋エンジニアリング
9503,関西電力
8303,SBI新生銀行
5724,アサカ理研
4063,信越化学工業
7774,ジャパン・ティッシュエンジニアリング
7220,武蔵精密工業
5830,いよぎんホールディングス
3103,ユニチカ
2164,地域新聞社
3936,グローバルウェイ
6758,ソニーグループ
7014,名村造船所
5332,TOTO
6962,大真空
6954,ファナック
6629,テクノホライゾン
6855,日本電子材料
6378,木村化工機
6141,DMG森精機
